{
  "Single User GET Request" : {
    "transaction" : "Single User GET Request",
    "sampleCount" : 700,
    "errorCount" : 0,
    "errorPct" : 0.0,
    "meanResTime" : 9594.211428571423,
    "medianResTime" : 6049.5,
    "minResTime" : 2286.0,
    "maxResTime" : 19034.0,
    "pct1ResTime" : 19003.0,
    "pct2ResTime" : 19012.0,
    "pct3ResTime" : 19018.0,
    "throughput" : 21.090689966857486,
    "receivedKBytesPerSec" : 35.997170646279,
    "sentKBytesPerSec" : 2.6981253766194637
  },
  "Single <Resource> GET Request" : {
    "transaction" : "Single <Resource> GET Request",
    "sampleCount" : 700,
    "errorCount" : 0,
    "errorPct" : 0.0,
    "meanResTime" : 724.3385714285715,
    "medianResTime" : 437.0,
    "minResTime" : 60.0,
    "maxResTime" : 3367.0,
    "pct1ResTime" : 2020.9,
    "pct2ResTime" : 2502.3499999999976,
    "pct3ResTime" : 3242.9300000000003,
    "throughput" : 57.259713701431494,
    "receivedKBytesPerSec" : 53.0428808793456,
    "sentKBytesPerSec" : 7.492970347648262
  },
  "Delete User by DELETE Request" : {
    "transaction" : "Delete User by DELETE Request",
    "sampleCount" : 700,
    "errorCount" : 0,
    "errorPct" : 0.0,
    "meanResTime" : 928.5128571428585,
    "medianResTime" : 764.5,
    "minResTime" : 407.0,
    "maxResTime" : 15809.0,
    "pct1ResTime" : 1439.9999999999998,
    "pct2ResTime" : 1700.0,
    "pct3ResTime" : 2740.98,
    "throughput" : 41.89609767775915,
    "receivedKBytesPerSec" : 25.188742855219058,
    "sentKBytesPerSec" : 7.323634262030166
  },
  "Update User Info PATCH Request" : {
    "transaction" : "Update User Info PATCH Request",
    "sampleCount" : 700,
    "errorCount" : 0,
    "errorPct" : 0.0,
    "meanResTime" : 808.107142857143,
    "medianResTime" : 678.0,
    "minResTime" : 398.0,
    "maxResTime" : 3040.0,
    "pct1ResTime" : 1391.9,
    "pct2ResTime" : 1582.6499999999996,
    "pct3ResTime" : 2723.6500000000005,
    "throughput" : 66.23769871309614,
    "receivedKBytesPerSec" : 47.639764501324755,
    "sentKBytesPerSec" : 15.265719625283877
  },
  "Login Successful POST Request" : {
    "transaction" : "Login Successful POST Request",
    "sampleCount" : 700,
    "errorCount" : 0,
    "errorPct" : 0.0,
    "meanResTime" : 751.8371428571435,
    "medianResTime" : 640.0,
    "minResTime" : 400.0,
    "maxResTime" : 3151.0,
    "pct1ResTime" : 1345.8,
    "pct2ResTime" : 1430.6499999999996,
    "pct3ResTime" : 2972.5600000000013,
    "throughput" : 43.58926458683604,
    "receivedKBytesPerSec" : 29.191793737156733,
    "sentKBytesPerSec" : 10.471639734728189
  },
  "Register Successful POST Request" : {
    "transaction" : "Register Successful POST Request",
    "sampleCount" : 700,
    "errorCount" : 0,
    "errorPct" : 0.0,
    "meanResTime" : 844.2614285714285,
    "medianResTime" : 706.5,
    "minResTime" : 402.0,
    "maxResTime" : 3325.0,
    "pct1ResTime" : 1398.8,
    "pct2ResTime" : 1530.299999999999,
    "pct3ResTime" : 2982.2800000000025,
    "throughput" : 43.491767629698664,
    "receivedKBytesPerSec" : 29.422714740602675,
    "sentKBytesPerSec" : 10.320800326188259
  },
  "Total" : {
    "transaction" : "Total",
    "sampleCount" : 7000,
    "errorCount" : 700,
    "errorPct" : 10.0,
    "meanResTime" : 4091.3788571428604,
    "medianResTime" : 812.0,
    "minResTime" : 60.0,
    "maxResTime" : 32654.0,
    "pct1ResTime" : 18785.9,
    "pct2ResTime" : 25752.0,
    "pct3ResTime" : 29835.96,
    "throughput" : 109.92807563051603,
    "receivedKBytesPerSec" : 119.14534847199975,
    "sentKBytesPerSec" : 18.82947701718019
  },
  "List Users GET Request" : {
    "transaction" : "List Users GET Request",
    "sampleCount" : 700,
    "errorCount" : 700,
    "errorPct" : 100.0,
    "meanResTime" : 23973.44571428572,
    "medianResTime" : 25752.0,
    "minResTime" : 15169.0,
    "maxResTime" : 32654.0,
    "pct1ResTime" : 29835.6,
    "pct2ResTime" : 30184.199999999997,
    "pct3ResTime" : 31700.170000000006,
    "throughput" : 19.24557351809084,
    "receivedKBytesPerSec" : 52.01006161161058,
    "sentKBytesPerSec" : 0.0
  },
  "Create User POST Request" : {
    "transaction" : "Create User POST Request",
    "sampleCount" : 700,
    "errorCount" : 0,
    "errorPct" : 0.0,
    "meanResTime" : 956.0414285714282,
    "medianResTime" : 815.5,
    "minResTime" : 399.0,
    "maxResTime" : 3330.0,
    "pct1ResTime" : 1602.6,
    "pct2ResTime" : 1657.8999999999999,
    "pct3ResTime" : 2599.88,
    "throughput" : 57.082280029356596,
    "receivedKBytesPerSec" : 41.54655072677974,
    "sentKBytesPerSec" : 12.598237584604094
  },
  "List <Resource> GET Request" : {
    "transaction" : "List <Resource> GET Request",
    "sampleCount" : 700,
    "errorCount" : 0,
    "errorPct" : 0.0,
    "meanResTime" : 1511.3200000000015,
    "medianResTime" : 1088.0,
    "minResTime" : 63.0,
    "maxResTime" : 5095.0,
    "pct1ResTime" : 3051.7999999999997,
    "pct2ResTime" : 4357.549999999994,
    "pct3ResTime" : 5058.99,
    "throughput" : 51.878751945453196,
    "receivedKBytesPerSec" : 72.06152611539316,
    "sentKBytesPerSec" : 6.332855462091454
  },
  "Update User Info PUT Request" : {
    "transaction" : "Update User Info PUT Request",
    "sampleCount" : 700,
    "errorCount" : 0,
    "errorPct" : 0.0,
    "meanResTime" : 821.7128571428574,
    "medianResTime" : 775.0,
    "minResTime" : 399.0,
    "maxResTime" : 4761.0,
    "pct1ResTime" : 1284.8,
    "pct2ResTime" : 1476.8499999999972,
    "pct3ResTime" : 2616.96,
    "throughput" : 58.93744211501221,
    "receivedKBytesPerSec" : 42.39795797549886,
    "sentKBytesPerSec" : 13.468126420813336
  }
}