{
  "Single User GET Request" : {
    "transaction" : "Single User GET Request",
    "sampleCount" : 500,
    "errorCount" : 0,
    "errorPct" : 0.0,
    "meanResTime" : 10372.12600000001,
    "medianResTime" : 13904.0,
    "minResTime" : 98.0,
    "maxResTime" : 16329.0,
    "pct1ResTime" : 14988.800000000003,
    "pct2ResTime" : 15416.5,
    "pct3ResTime" : 16223.87,
    "throughput" : 30.268176039711847,
    "receivedKBytesPerSec" : 45.430936062261644,
    "sentKBytesPerSec" : 3.8804747563411834
  },
  "Single <Resource> GET Request" : {
    "transaction" : "Single <Resource> GET Request",
    "sampleCount" : 500,
    "errorCount" : 0,
    "errorPct" : 0.0,
    "meanResTime" : 625.1320000000003,
    "medianResTime" : 313.5,
    "minResTime" : 60.0,
    "maxResTime" : 2067.0,
    "pct1ResTime" : 1414.0,
    "pct2ResTime" : 1470.8,
    "pct3ResTime" : 1566.98,
    "throughput" : 22.220247089147634,
    "receivedKBytesPerSec" : 20.559717608434806,
    "sentKBytesPerSec" : 2.9077276464314283
  },
  "Delete User by DELETE Request" : {
    "transaction" : "Delete User by DELETE Request",
    "sampleCount" : 500,
    "errorCount" : 0,
    "errorPct" : 0.0,
    "meanResTime" : 430.0339999999999,
    "medianResTime" : 425.0,
    "minResTime" : 398.0,
    "maxResTime" : 764.0,
    "pct1ResTime" : 451.90000000000003,
    "pct2ResTime" : 471.0,
    "pct3ResTime" : 525.0,
    "throughput" : 26.59433008882506,
    "receivedKBytesPerSec" : 15.988906008988884,
    "sentKBytesPerSec" : 4.648813560448913
  },
  "Update User Info PATCH Request" : {
    "transaction" : "Update User Info PATCH Request",
    "sampleCount" : 500,
    "errorCount" : 0,
    "errorPct" : 0.0,
    "meanResTime" : 437.38199999999955,
    "medianResTime" : 433.0,
    "minResTime" : 395.0,
    "maxResTime" : 525.0,
    "pct1ResTime" : 473.0,
    "pct2ResTime" : 485.95,
    "pct3ResTime" : 511.95000000000005,
    "throughput" : 26.526606186004564,
    "receivedKBytesPerSec" : 19.073976901957664,
    "sentKBytesPerSec" : 6.113553769430739
  },
  "Login Successful POST Request" : {
    "transaction" : "Login Successful POST Request",
    "sampleCount" : 500,
    "errorCount" : 0,
    "errorPct" : 0.0,
    "meanResTime" : 457.36400000000003,
    "medianResTime" : 426.5,
    "minResTime" : 397.0,
    "maxResTime" : 4012.0,
    "pct1ResTime" : 455.0,
    "pct2ResTime" : 471.95,
    "pct3ResTime" : 1154.7600000000002,
    "throughput" : 26.81684097613301,
    "receivedKBytesPerSec" : 17.95764615178332,
    "sentKBytesPerSec" : 6.442327031375704
  },
  "Register Successful POST Request" : {
    "transaction" : "Register Successful POST Request",
    "sampleCount" : 500,
    "errorCount" : 0,
    "errorPct" : 0.0,
    "meanResTime" : 433.1759999999998,
    "medianResTime" : 426.0,
    "minResTime" : 394.0,
    "maxResTime" : 1237.0,
    "pct1ResTime" : 450.0,
    "pct2ResTime" : 460.95,
    "pct3ResTime" : 842.7600000000011,
    "throughput" : 26.945462384134512,
    "receivedKBytesPerSec" : 18.223447772957535,
    "sentKBytesPerSec" : 6.394284530610045
  },
  "Total" : {
    "transaction" : "Total",
    "sampleCount" : 5000,
    "errorCount" : 360,
    "errorPct" : 7.2,
    "meanResTime" : 3486.598199999995,
    "medianResTime" : 448.0,
    "minResTime" : 60.0,
    "maxResTime" : 23607.0,
    "pct1ResTime" : 15384.0,
    "pct2ResTime" : 18998.849999999995,
    "pct3ResTime" : 23216.869999999995,
    "throughput" : 96.58849437854963,
    "receivedKBytesPerSec" : 98.74905826217982,
    "sentKBytesPerSec" : 16.8905356556427
  },
  "List Users GET Request" : {
    "transaction" : "List Users GET Request",
    "sampleCount" : 500,
    "errorCount" : 360,
    "errorPct" : 72.0,
    "meanResTime" : 19154.496,
    "medianResTime" : 18988.5,
    "minResTime" : 15310.0,
    "maxResTime" : 23607.0,
    "pct1ResTime" : 23215.7,
    "pct2ResTime" : 23375.6,
    "pct3ResTime" : 23580.98,
    "throughput" : 20.41316240712011,
    "receivedKBytesPerSec" : 46.86547119957949,
    "sentKBytesPerSec" : 0.7256241324405978
  },
  "Create User POST Request" : {
    "transaction" : "Create User POST Request",
    "sampleCount" : 500,
    "errorCount" : 0,
    "errorPct" : 0.0,
    "meanResTime" : 1563.4360000000008,
    "medianResTime" : 1273.5,
    "minResTime" : 409.0,
    "maxResTime" : 3608.0,
    "pct1ResTime" : 2691.0,
    "pct2ResTime" : 2733.9,
    "pct3ResTime" : 2860.98,
    "throughput" : 23.365577830739753,
    "receivedKBytesPerSec" : 17.011099014556756,
    "sentKBytesPerSec" : 5.156856044674985
  },
  "List <Resource> GET Request" : {
    "transaction" : "List <Resource> GET Request",
    "sampleCount" : 500,
    "errorCount" : 0,
    "errorPct" : 0.0,
    "meanResTime" : 849.5919999999993,
    "medianResTime" : 804.5,
    "minResTime" : 61.0,
    "maxResTime" : 5826.0,
    "pct1ResTime" : 1405.6000000000001,
    "pct2ResTime" : 1588.8499999999997,
    "pct3ResTime" : 3225.260000000006,
    "throughput" : 21.868439468159554,
    "receivedKBytesPerSec" : 30.3583912619183,
    "sentKBytesPerSec" : 2.6694872397655702
  },
  "Update User Info PUT Request" : {
    "transaction" : "Update User Info PUT Request",
    "sampleCount" : 500,
    "errorCount" : 0,
    "errorPct" : 0.0,
    "meanResTime" : 543.244,
    "medianResTime" : 448.0,
    "minResTime" : 399.0,
    "maxResTime" : 1494.0,
    "pct1ResTime" : 884.9000000000001,
    "pct2ResTime" : 945.6499999999994,
    "pct3ResTime" : 1487.99,
    "throughput" : 26.435444644178915,
    "receivedKBytesPerSec" : 19.010802183567726,
    "sentKBytesPerSec" : 6.0409121550174465
  }
}