{
  "Single User GET Request" : {
    "transaction" : "Single User GET Request",
    "sampleCount" : 80,
    "errorCount" : 0,
    "errorPct" : 0.0,
    "meanResTime" : 272.65,
    "medianResTime" : 292.5,
    "minResTime" : 134.0,
    "maxResTime" : 451.0,
    "pct1ResTime" : 327.20000000000005,
    "pct2ResTime" : 382.70000000000005,
    "pct3ResTime" : 451.0,
    "throughput" : 174.67248908296943,
    "receivedKBytesPerSec" : 170.86432177947597,
    "sentKBytesPerSec" : 22.516375545851528
  },
  "Single <Resource> GET Request" : {
    "transaction" : "Single <Resource> GET Request",
    "sampleCount" : 80,
    "errorCount" : 0,
    "errorPct" : 0.0,
    "meanResTime" : 375.85,
    "medianResTime" : 378.0,
    "minResTime" : 139.0,
    "maxResTime" : 702.0,
    "pct1ResTime" : 495.2000000000001,
    "pct2ResTime" : 516.95,
    "pct3ResTime" : 702.0,
    "throughput" : 102.69576379974326,
    "receivedKBytesPerSec" : 95.14401476251604,
    "sentKBytesPerSec" : 13.438703465982028
  },
  "Delete User by DELETE Request" : {
    "transaction" : "Delete User by DELETE Request",
    "sampleCount" : 80,
    "errorCount" : 0,
    "errorPct" : 0.0,
    "meanResTime" : 429.1000000000001,
    "medianResTime" : 429.0,
    "minResTime" : 402.0,
    "maxResTime" : 491.0,
    "pct1ResTime" : 453.8,
    "pct2ResTime" : 462.95,
    "pct3ResTime" : 491.0,
    "throughput" : 21.447721179624665,
    "receivedKBytesPerSec" : 12.882770609919572,
    "sentKBytesPerSec" : 3.7491621983914207
  },
  "Update User Info PATCH Request" : {
    "transaction" : "Update User Info PATCH Request",
    "sampleCount" : 80,
    "errorCount" : 0,
    "errorPct" : 0.0,
    "meanResTime" : 469.175,
    "medianResTime" : 432.0,
    "minResTime" : 405.0,
    "maxResTime" : 3385.0,
    "pct1ResTime" : 459.9,
    "pct2ResTime" : 485.20000000000005,
    "pct3ResTime" : 3385.0,
    "throughput" : 21.95992314026901,
    "receivedKBytesPerSec" : 15.783694757068352,
    "sentKBytesPerSec" : 5.061076036233874
  },
  "Login Successful POST Request" : {
    "transaction" : "Login Successful POST Request",
    "sampleCount" : 80,
    "errorCount" : 0,
    "errorPct" : 0.0,
    "meanResTime" : 457.0875,
    "medianResTime" : 436.0,
    "minResTime" : 401.0,
    "maxResTime" : 561.0,
    "pct1ResTime" : 534.0,
    "pct2ResTime" : 551.85,
    "pct3ResTime" : 561.0,
    "throughput" : 20.434227330779056,
    "receivedKBytesPerSec" : 13.677861590038313,
    "sentKBytesPerSec" : 4.909003831417625
  },
  "Register Successful POST Request" : {
    "transaction" : "Register Successful POST Request",
    "sampleCount" : 80,
    "errorCount" : 0,
    "errorPct" : 0.0,
    "meanResTime" : 430.9125000000001,
    "medianResTime" : 430.5,
    "minResTime" : 397.0,
    "maxResTime" : 503.0,
    "pct1ResTime" : 455.8,
    "pct2ResTime" : 470.9,
    "pct3ResTime" : 503.0,
    "throughput" : 20.964360587002098,
    "receivedKBytesPerSec" : 14.190865762578618,
    "sentKBytesPerSec" : 4.974941037735849
  },
  "Total" : {
    "transaction" : "Total",
    "sampleCount" : 800,
    "errorCount" : 0,
    "errorPct" : 0.0,
    "meanResTime" : 1031.4724999999994,
    "medianResTime" : 426.0,
    "minResTime" : 64.0,
    "maxResTime" : 6840.0,
    "pct1ResTime" : 6257.799999999927,
    "pct2ResTime" : 6742.0,
    "pct3ResTime" : 6804.0,
    "throughput" : 54.006615810436784,
    "receivedKBytesPerSec" : 49.22440645463444,
    "sentKBytesPerSec" : 9.941647539323567
  },
  "List Users GET Request" : {
    "transaction" : "List Users GET Request",
    "sampleCount" : 80,
    "errorCount" : 0,
    "errorPct" : 0.0,
    "meanResTime" : 6739.325,
    "medianResTime" : 6742.0,
    "minResTime" : 6577.0,
    "maxResTime" : 6840.0,
    "pct1ResTime" : 6804.0,
    "pct2ResTime" : 6829.8,
    "pct3ResTime" : 6840.0,
    "throughput" : 11.6941967548604,
    "receivedKBytesPerSec" : 19.974350423914633,
    "sentKBytesPerSec" : 1.4846148223943867
  },
  "Create User POST Request" : {
    "transaction" : "Create User POST Request",
    "sampleCount" : 80,
    "errorCount" : 0,
    "errorPct" : 0.0,
    "meanResTime" : 559.2375000000002,
    "medianResTime" : 542.0,
    "minResTime" : 473.0,
    "maxResTime" : 839.0,
    "pct1ResTime" : 657.6000000000001,
    "pct2ResTime" : 805.5,
    "pct3ResTime" : 839.0,
    "throughput" : 69.56521739130434,
    "receivedKBytesPerSec" : 50.58848505434783,
    "sentKBytesPerSec" : 15.353260869565219
  },
  "List <Resource> GET Request" : {
    "transaction" : "List <Resource> GET Request",
    "sampleCount" : 80,
    "errorCount" : 0,
    "errorPct" : 0.0,
    "meanResTime" : 153.83749999999995,
    "medianResTime" : 118.0,
    "minResTime" : 64.0,
    "maxResTime" : 329.0,
    "pct1ResTime" : 306.40000000000003,
    "pct2ResTime" : 314.9,
    "pct3ResTime" : 329.0,
    "throughput" : 147.32965009208104,
    "receivedKBytesPerSec" : 204.6788674033149,
    "sentKBytesPerSec" : 17.984576427255984
  },
  "Update User Info PUT Request" : {
    "transaction" : "Update User Info PUT Request",
    "sampleCount" : 80,
    "errorCount" : 0,
    "errorPct" : 0.0,
    "meanResTime" : 427.55,
    "medianResTime" : 423.0,
    "minResTime" : 401.0,
    "maxResTime" : 478.0,
    "pct1ResTime" : 454.8,
    "pct2ResTime" : 462.9,
    "pct3ResTime" : 478.0,
    "throughput" : 102.69576379974326,
    "receivedKBytesPerSec" : 73.90534740051348,
    "sentKBytesPerSec" : 23.467586649550704
  }
}